[
    {
        "date": "2020-04-08T00:00:00Z",
        "enrolled_users": 31,
        "scheduled_messages": 704,
        "sent_messages": 249,
        "completed_messages": 71
    },
    {
        "date": "2020-04-16T00:00:00Z",
        "enrolled_users": 28,
        "scheduled_messages": 660,
        "sent_messages": 288,
        "completed_messages": 89
    },
    {
        "date": "2020-04-05T00:00:00Z",
        "enrolled_users": 45,
        "scheduled_messages": 704,
        "sent_messages": 237,
        "completed_messages": 73
    },
    {
        "date": "2020-03-26T00:00:00Z",
        "enrolled_users": 31,
        "scheduled_messages": 704,
        "sent_messages": 194,
        "completed_messages": 76
    },
    {
        "date": "2020-04-01T00:00:00Z",
        "enrolled_users": 31,
        "scheduled_messages": 704,
        "sent_messages": 217,
        "completed_messages": 78
    },
    {
        "date": "2020-04-07T00:00:00Z",
        "enrolled_users": 35,
        "scheduled_messages": 704,
        "sent_messages": 249,
        "completed_messages": 82
    },
    {
        "date": "2020-03-23T00:00:00Z",
        "enrolled_users": 31,
        "scheduled_messages": 704,
        "sent_messages": 185,
        "completed_messages": 84
    },
    {
        "date": "2020-03-31T00:00:00Z",
        "enrolled_users": 22,
        "scheduled_messages": 704,
        "sent_messages": 216,
        "completed_messages": 85
    },
    {
        "date": "2020-04-12T00:00:00Z",
        "enrolled_users": 29,
        "scheduled_messages": 670,
        "sent_messages": 270,
        "completed_messages": 87
    },
    {
        "date": "2020-04-14T00:00:00Z",
        "enrolled_users": 52,
        "scheduled_messages": 690,
        "sent_messages": 276,
        "completed_messages": 89
    },
    {
        "date": "2020-03-18T00:00:00Z",
        "enrolled_users": 31,
        "scheduled_messages": 704,
        "sent_messages": 160,
        "completed_messages": 95
    },
    {
        "date": "2020-04-02T00:00:00Z",
        "enrolled_users": 18,
        "scheduled_messages": 704,
        "sent_messages": 225,
        "completed_messages": 98
    },
    {
        "date": "2020-04-06T00:00:00Z",
        "enrolled_users": 31,
        "scheduled_messages": 704,
        "sent_messages": 241,
        "completed_messages": 102
    },
    {
        "date": "2020-03-22T00:00:00Z",
        "enrolled_users": 21,
        "scheduled_messages": 704,
        "sent_messages": 183,
        "completed_messages": 76
    },
    {
        "date": "2020-04-09T00:00:00Z",
        "enrolled_users": 32,
        "scheduled_messages": 704,
        "sent_messages": 255,
        "completed_messages": 76
    },
    {
        "date": "2020-04-04T00:00:00Z",
        "enrolled_users": 45,
        "scheduled_messages": 704,
        "sent_messages": 233,
        "completed_messages": 76
    },
    {
        "date": "2020-03-29T00:00:00Z",
        "enrolled_users": 14,
        "scheduled_messages": 704,
        "sent_messages": 210,
        "completed_messages": 76
    },
    {
        "date": "2020-03-27T00:00:00Z",
        "enrolled_users": 31,
        "scheduled_messages": 704,
        "sent_messages": 201,
        "completed_messages": 76
    },
    {
        "date": "2020-03-19T00:00:00Z",
        "enrolled_users": 22,
        "scheduled_messages": 704,
        "sent_messages": 165,
        "completed_messages": 76
    },
    {
        "date": "2020-03-21T00:00:00Z",
        "enrolled_users": 31,
        "scheduled_messages": 704,
        "sent_messages": 176,
        "completed_messages": 76
    },
    {
        "date": "2020-04-11T00:00:00Z",
        "enrolled_users": 28,
        "scheduled_messages": 660,
        "sent_messages": 270,
        "completed_messages": 80
    },
    {
        "date": "2020-03-28T00:00:00Z",
        "enrolled_users": 31,
        "scheduled_messages": 704,
        "sent_messages": 205,
        "completed_messages": 76
    },
    {
        "date": "2020-03-20T00:00:00Z",
        "enrolled_users": 42,
        "scheduled_messages": 704,
        "sent_messages": 173,
        "completed_messages": 76
    },
    {
        "date": "2020-04-03T00:00:00Z",
        "enrolled_users": 31,
        "scheduled_messages": 704,
        "sent_messages": 228,
        "completed_messages": 76
    },
    {
        "date": "2020-04-13T00:00:00Z",
        "enrolled_users": 23,
        "scheduled_messages": 710,
        "sent_messages": 276,
        "completed_messages": 95
    },
    {
        "date": "2020-03-25T00:00:00Z",
        "enrolled_users": 31,
        "scheduled_messages": 704,
        "sent_messages": 191,
        "completed_messages": 76
    },
    {
        "date": "2020-03-30T00:00:00Z",
        "enrolled_users": 25,
        "scheduled_messages": 704,
        "sent_messages": 210,
        "completed_messages": 76
    },
    {
        "date": "2020-03-24T00:00:00Z",
        "enrolled_users": 31,
        "scheduled_messages": 704,
        "sent_messages": 190,
        "completed_messages": 76
    },
    {
        "date": "2020-04-15T00:00:00Z",
        "enrolled_users": 38,
        "scheduled_messages": 670,
        "sent_messages": 281,
        "completed_messages": 100
    },
    {
        "date": "2020-04-10T00:00:00Z",
        "enrolled_users": 32,
        "scheduled_messages": 650,
        "sent_messages": 263,
        "completed_messages": 76
    }
]