[
{
"type":"message",
"precept":"dsd",
"category":"starter",
"title@en":"",
"body@en":"",
"title@nl":"",
"body@nl":"",
"labels": ["dochange"]
},
{
"type":"message",
"precept":"dsd",
"category":"general",
"title@en":"",
"body@en":"",
"link@en":"",
"title@nl":"",
"body@nl":"",
"link@nl":"",
"labels": ["dochange"]
},
{
"type":"message",
"precept":"dsd",
"category":"system",
"title@en":"",
"body@en":"",
"title@nl":"",
"body@nl":"",
"labels": ["dochange"]
},
{
"type":"message",
"precept":"dsd",
"category":"personal",
"title@en":"",
"body@en":"",
"link@en":"",
"title@nl":"",
"body@nl":"",
"link@nl":"",
"question@en":"",
"answer@en":"1",
"question@nl":"",
"answer@nl":"1",
"labels": [""]
},
{
"type": "message",
"precept": "dsd",
"category": "avs",
"title@en": "",
"body@en" : "",
"link@en":"",
"title@nl": "",
"body@nl" : "",
"link@nl":"",
"activity": "T",
"variety": "C",
"social": "T",
"labels": [""]
}
]