[
    {
        "type": "message",
        "category": "general",
        "title@en": "EXPLORE MORE DAY.",
        "body@en": "Today instead of going the same old way, take a different route. Look around, spot 10 things you wouldn't see on your usual journey. -- At your best. A healthy weight, stronger bones, better sleep and a happier mood: some of the benefits of staying active. --",
        "link@en": "",
        "title@nl": "ONDERZOEK MEER VANDAAG.",
        "body@nl": "Neem in plaats van je oude gangetje te gaan vandaag een andere route. Kijk om je heen, spot 10 dingen die je niet zou zien tijdens een normale reis. -- Op je best. Een gezond gewicht, sterkere botten, betere slaap en een betere gemoedstoestand: een paar van de voordelen van actief blijven. --",
        "link@nl": "",
        "labels": [
            "todo-rct"
        ]
    },
    {
        "type": "message",
        "category": "general",
        "title@en": "SWITCH SEATS DAY!",
        "body@en": "Move some seating around today. Sit somewhere different at meals/ when working/when watching TV. Get a new view! -- Shaking up old habits is good for you and puts you back in charge of your life. Try something new regularly. Make every day count! --",
        "link@en": "",
        "labels": [
            "todo-rct"
        ]
    },
    {
        "type": "message",
        "category": "general",
        "title@en": "ON THE HOUR!",
        "body@en": "At the top of each hour today stop what you are doing and stretch, move, lift up and down on your toes for one minute. -- Regular daily movement is great for your health. Avoid sitting for long periods and you'll feel better and look better! --",
        "link@en": "",
        "labels": [
            "todo-rct"
        ]
    },
    {
        "type": "message",
        "category": "general",
        "title@en": "LET'S GO DAY.",
        "body@en": "Today plan some fun for the weekend or for the future. Book up somewhere, plan an outing, arrange a fun get-together with friends or family now. -- Doing something enjoyable helps reduce stress & improves mood. Make sure you have fun activities scheduled regularly. Having something to look forward to is the key to happiness! --",
        "title@nl": "LATEN WE GAAN.",
        "body@nl": "Plan vandaag iets leuks voor het weekend of de toekomst. Reserveer bij een restaurant, plan een trip, of regel een leuke bijeenkomst met vrienden of familie. Doe het nu! -- Iets leuks doen helpt tegen stress en verbetert je stemming. Zorg ervoor dat je regelmatig leuke activiteiten organiseert. Iets hebben om naar uit te kijken is de sleutel tot geluk. --",
        "labels": [
            "todo-rct"
        ]
    },
    {
        "type": "message",
        "category": "general",
        "title@en": "NATURE WATCH.",
        "body@en": "Step outside, take a brisk walk around the neighbourhood. Notice any signs of nature around you. Listen to the birds and try to name as many as you can. -- A walk outside brings all kinds of health benefits. Fresh air, sunshine and natural beauty make us feel energised, happier and our brains even work better. --",
        "labels": [
            "todo-rct"
        ]
    },
    {
        "type": "message",
        "category": "general",
        "title@en": "IT'S A DATE!",
        "body@en": "Make a note of all scheduled appointments with your health professional in your diary or calendar. Start a list of any questions you want to ask next time. -- Involve others in your understanding and care of your condition. They may be able to help you, or to go with you to your healthcare appointment. --",
        "link@en": "",
        "title@nl": "HET IS EEN AFSPRAAK!",
        "body@nl": "Maak een aantekening van alle geplande afspraken met je arts in de agenda of op de kalender. Begin aan een lijst van vragen die je de volgende keer zou willen stellen. -- Betrek anderen in je inzicht en zorg rondom je conditie. Zij zouden kunnen helpen, of met je meegaan naar medische afspraken. --",
        "link@nl": "",
        "labels": [
            "todo-rct"
        ]
    },
    {
        "type": "message",
        "category": "general",
        "title@en": "SEE THE FUNNY SIDE DAY.",
        "body@en": "Share something that makes you laugh with 3 people today. E.g. a YouTube clip, a joke, your favourite funny film or moment. -- Laughter is good for health! It can reduce inflammation, lower blood pressure, improve memory, circulation and blood oxygenation. --",
        "labels": [
            "todo-rct"
        ]
    },
    {
        "type": "message",
        "category": "general",
        "title@en": "JOYFUL DAY.",
        "body@en": "Do something that lifts your mood. Listen to music, watch comedy, sing, read a poem, cycle, dance, go outside or connect with friends. -- Feeling happy comes from doing the things we love. Even if it's an effort, when we do joyful things we feel alive and are nice to be with! --",
        "labels": [
            "todo-rct"
        ]
    },
    {
        "type": "message",
        "category": "system",
        "title@en": "DO-FACT.",
        "body@en": "Your Do's are specially chosen to encourage you to behave differently to how you do normally. That's because progress happens in the discomfort zone. If what we're asking you to do seems odd, remember your programme is designed to help you be different. Have a go!",
        "labels": [
            "todo-rct"
        ]
    },
    {
        "type": "message",
        "category": "system",
        "title@en": "REMEMBER.",
        "body@en": "You have to do something different to get something different. Complete the Do's we send you and you'll see what we mean. While each one may not be life-changing they build an upward spiral of transformation. Have fun!",
        "labels": [
            "todo-rct"
        ]
    },
    {
        "type": "message",
        "category": "system",
        "title@en": "DO'S DISRUPT.",
        "body@en": "They condition your brain not to expect what it's gotten used to. You do something different, you get something different. Each Do is a small action, but when they start to add up they can reshape your life and create lasting and beneficial change.",
        "labels": [
            "todo-rct"
        ]
    },
    {
        "type": "message",
        "category": "system",
        "title@en": "DO-TIP.",
        "body@en": "If you feel any Do is something you normally do, challenge yourself to tackle it in a whole new way. Be creative. Be different. Have fun!",
        "labels": [
            "todo-rct"
        ]
    },
    {
        "type": "message",
        "category": "system",
        "title@en": "TODAY'S NOT THE DAY?",
        "body@en": "No worries. You can always save Do's for another day. They'll wait patiently for you if you fancy doing them another time.",
        "labels": [
            "todo-rct"
        ]
    },
    {
        "type": "message",
        "category": "system",
        "title@en": "ADAPT A DO.",
        "body@en": "We try our best but not every Do will hit the mark. If you're stuck it's OK to adapt a Do so it's right, and different, for you.",
        "labels": [
            "todo-rct"
        ]
    },
    {
        "type": "message",
        "category": "fixed",
        "title@en": "GETTING TO KNOW YOU.",
        "body@en": "Vire is trying to understand your current habits. Have you checked your Activity, Social and Variety scores? Ask your contact person if anything is unclear. The Do's start next week. In the mean time, keep attending rehabilitation.",
        "labels": [
            "todo-rct",
            "id-0001"
        ]
    },
    {
        "type": "message",
        "category": "fixed",
        "title@en": "BE AWARE:",
        "body@en": "always monitor your symptoms before and when being physically active in the community. DO NOT START and/or please STOP physical activity if you experience any chest pain, dizziness, nausea, excessive sweatiness, unusual shortness of breath or are feeling unwell.",
        "labels": [
            "todo-rct",
            "id-0002"
        ]
    },
    {
        "type": "message",
        "category": "fixed",
        "title@en": "LET'S GO SLOW.",
        "body@en": "Phew, those were a lot of Do's. We hope you have been doing lots of things differently. We will reduce the intensity for a few weeks. Try to keep having new experiences.",
        "labels": [
            "todo-rct",
            "id-0003"
        ]
    },
    {
        "type": "message",
        "category": "fixed",
        "title@en": "ROUND TWO.",
        "body@en": "We hope you have been keeping up the variety in life. We're going to intensify the programme again, you'll even receive a new type of Do!",
        "labels": [
            "todo-rct",
            "id-0004"
        ]
    },
    {
        "type": "message",
        "category": "fixed",
        "title@en": "LOOK AFTER YOURSELF:",
        "body@en": "always monitor your symptoms before and when being physically active in the community. DO NOT START and/or please STOP physical activity if you experience any chest pain, dizziness, nausea, excessive sweatiness, unusual shortness of breath or are feeling unwell.",
        "labels": [
            "todo-rct",
            "id-0005"
        ]
    },
    {
        "type": "message",
        "category": "fixed",
        "title@en": "EXPANDERS.",
        "body@en": "You will start receiving this new type of Do. These are designed to help you use a different aspect of your personality. A flexible personality helps us cope better with life.",
        "labels": [
            "todo-rct",
            "id-0006"
        ]
    },
    {
        "type": "message",
        "category": "starter",
        "title@en": "BALANCING ACT.",
        "body@en": "Keep your eyes open and balance on one leg. Can you do it for 5 seconds? 10? More? Do this every day and you’ll improve. This will strengthen your ankles, your ligaments, your balance and even your mind! Give it a try whenever you're standing in a queue or waiting for the kettle to boil.",
        "labels": [
            "todo-rct"
        ]
    },
    {
        "type": "message",
        "category": "personal",
        "title@en": "GOOD NEWS!",
        "body@en": "There are some great tips to help you manage your condition and live healthier. Today take a look <<online>>.",
        "link@en": "https://www.heartfoundation.org.au",
        "title@nl": "GOED NIEUWS!",
        "body@nl": "Er zijn goede tips om je te helpen omgaan met je hartconditie en om gezonder te leven. Neem vandaag een kijkje <<online>>.",
        "link@nl": "https://www.hartstichting.nl/gezond-leven",
        "question@en": "read something about your medical condition?",
        "answer@en": "1",
        "question@nl": "lees je iets over je medische aandoening?",
        "answer@nl": "1",
        "labels": [
            "todo-rct"
        ]
    },
    {
        "type": "message",
        "category": "personal",
        "title@en": "NEW FACT.",
        "body@en": "Today find out one new fact about managing your condition, search online or join a forum or self- help group.",
        "link@en": "",
        "title@nl": "NIEUW FEIT.",
        "body@nl": "Vind vandaag één nieuw feit over het omgaan met je hartconditie. Zoek <<online>> of doe mee aan een forum of zelfhulpgroep.",
        "link@nl": "https://www.hartstichting.nl/gezond-leven",
        "question@en": "read something about your medical condition?",
        "answer@en": "2",
        "question@nl": "lees je iets over je medische aandoening?",
        "answer@nl": "2",
        "labels": [
            "todo-rct"
        ]
    },
    {
        "type": "message",
        "category": "personal",
        "title@en": "LOOK UP DAY.",
        "body@en": "Study the skies, wonder at the rooftops, be awed by architecture or lose yourself in shifting cloud shapes. It’s amazing what we see when we look up!",
        "link@en": "",
        "question@en": "read something about your medical condition?",
        "answer@en": "3",
        "labels": [
            "todo-rct"
        ]
    },
    {
        "type": "message",
        "category": "personal",
        "title@en": "COOK SOMETHING SIMPLE.",
        "body@en": "Treat yourself to something tasty. And cook it yourself. Soup, stir fries and curries are healthy and so easy. Find a new tasty recipe <<here>>.",
        "link@en": "https://www.heartfoundation.org.au/after-my-heart-attack/heart-attack-recovery/meals-and-food",
        "title@nl": "KOOK IETS MAKKELIJKS.",
        "body@nl": "Trakteer jezelf op iets lekkers. En kook het zelf. Soep, curry en roerbakken zijn gezond en makkelijk. Zoek <<hier>> voor een recept.",
        "link@nl": "https://www.voedingscentrum.nl/recepten/receptenzoeker.aspx",
        "question@en": "spend most evenings watching TV or in front of a screen?",
        "answer@en": "1",
        "question@nl": "besteed je ’s avonds veel tijd voor een scherm? (tv, computer)",
        "answer@nl": "1",
        "labels": [
            "todo-rct"
        ]
    },
    {
        "type": "message",
        "category": "personal",
        "title@en": "CHORE CHALLENGE.",
        "body@en": "Set a timer for 10 minutes and do a chore (tidy the kitchen, wash or dry the dishes, hoover, clean windows, etc.) within the time limit. Challenge someone to join you.",
        "title@nl": "KLUS UITDAGING",
        "body@nl": "Zet een timer voor 10 minuten en doe een klusje binnen de tijd. Je kan de keuken opruimen, afwassen, of wat schoonmaken. Daag iemand uit om mee te doen.",
        "question@en": "spend most evenings watching TV or in front of a screen?",
        "answer@en": "2",
        "question@nl": "besteed je ’s avonds veel tijd voor een scherm? (tv, computer)",
        "answer@nl": "2",
        "labels": [
            "todo-rct"
        ]
    },
    {
        "type": "message",
        "category": "personal",
        "title@en": "SCREEN-FREE EVENING.",
        "body@en": "Supercharge your evening - hit the Off button on your TV and turn off devices. Do something different e.g. play games, listen to music, do a craft or read a book.",
        "title@nl": "SCHERM VRIJE AVOND.",
        "body@nl": "Maak je avond energiek – zet de TV uit en gebruik geen andere schermen. Doe iets anders: speel een spelletje, luister naar muziek, maak iets moois of lees een boek.",
        "question@en": "spend most evenings watching TV or in front of a screen?",
        "answer@en": "3",
        "question@nl": "besteed je ’s avonds veel tijd voor een scherm? (tv, computer)",
        "answer@nl": "3",
        "labels": [
            "todo-rct"
        ]
    },
    {
        "type": "message",
        "category": "personal",
        "title@en": "REFRESH DAY.",
        "body@en": "Note down three small things that stress, tire or drain you. Plan how to remove, delegate or get help with them over the next week.",
        "link@en": "",
        "question@en": "feel stressed or worry a lot?",
        "answer@en": "2",
        "labels": [
            "todo-rct"
        ]
    },
    {
        "type": "message",
        "category": "personal",
        "title@en": "LET IT GO DAY.",
        "body@en": "Take one thing that normally stresses you or winds you up and say to yourself 'So what?' today. Let it go. React differently, feel different.",
        "link@en": "",
        "question@en": "feel stressed or worry a lot?",
        "answer@en": "3",
        "labels": [
            "todo-rct"
        ]
    },
    {
        "type": "message",
        "category": "personal",
        "title@en": "STAND UP FOR YOUR HEALTH.",
        "body@en": "Take one thing that you normally do sitting down and do it standing up. For the sake of your health, try to get up and start moving. Find three ways that you can reduce sitting time <<here>>. Any activity is better than no activity.",
        "link@en": "http://www.health.gov.au/internet/main/publishing.nsf/content/F01F92328EDADA5BCA257BF0001E720D/$File/Tips&Ideas-Adults-18-64years.pdf",
        "question@en": "spend at least half an hour a day being active? (e.g. sport, walking, cycling)",
        "answer@en": "1",
        "labels": [
            "todo-rct"
        ]
    },
    {
        "type": "message",
        "category": "personal",
        "title@en": "GET MOVING DAY.",
        "body@en": "How will you move your body today? You choose: get out of the chair and stretch, take the stairs instead of the lift, walk the longer route, use your bike, get off the bus early, or walk for 30 minutes. You can do it, and any activity is better than no activity.",
        "link@en": "",
        "question@en": "spend at least half an hour a day being active? (e.g. sport, walking, cycling)",
        "answer@en": "2",
        "labels": [
            "todo-rct"
        ]
    },
    {
        "type": "message",
        "category": "personal",
        "title@en": "SHAKE IT UP.",
        "body@en": "Today vary the way you exercise. Speed it up. Do it with a friend. Do it outside or to different music. Variety will use new muscle groups and prevent boredom setting in.",
        "link@en": "",
        "question@en": "spend at least half an hour a day being active? (e.g. sport, walking, cycling)",
        "answer@en": "3",
        "labels": [
            "todo-rct"
        ]
    },
    {
        "type": "message",
        "category": "personal",
        "title@en": "GREETINGS DAY.",
        "body@en": "Smile and say hello to three different people today. Look for an opportunity to befriend someone you didn’t know before. Friendliness is contagious so don’t hold back!",
        "link@en": "",
        "question@en": "take time to connect with new people?",
        "answer@en": "1",
        "labels": [
            "todo-rct"
        ]
    },
    {
        "type": "message",
        "category": "personal",
        "title@en": "TALK TO A STRANGER DAY.",
        "body@en": "Today engage a stranger in conversation; chat to someone at the bus stop or in the bank queue, or talk to the person who serves you in a shop or café. ‘How is your day going?’ is a simple starter.",
        "link@en": "",
        "question@en": "take time to connect with new people?",
        "answer@en": "2",
        "labels": [
            "todo-rct"
        ]
    },
    {
        "type": "message",
        "category": "personal",
        "title@en": "BACK IN TOUCH DAY.",
        "body@en": "Who do you regret having lost touch with? Who haven’t you contacted in ages? Reconnect with one person today. Give them a call, send them a card or message them.",
        "link@en": "",
        "question@en": "take time to connect with new people?",
        "answer@en": "3",
        "labels": [
            "todo-rct"
        ]
    },
    {
        "type": "message",
        "category": "personal",
        "title@en": "SUNSHINE DAY.",
        "body@en": "Jot down 3 things you're looking forward to today, this week, this month. New experiences, someone to see, even small pleasures count. The key to happiness is having something to look forward to!",
        "title@nl": "ZONNESCHIJN DAG!",
        "body@nl": "Noteer 3 dingen waar je naar uitkijkt vandaag, deze week, of deze maand. Nieuwe ervaringen, iemand zien, zelfs kleine pleziertjes tellen! Het is belangrijk om iets te hebben waar je naar uit kan kijken.",
        "question@en": "take time to notice the good things in your life?",
        "answer@en": "1",
        "question@nl": "sta je stil bij de goede dingen in het leven?",
        "answer@nl": "1",
        "labels": [
            "todo-rct"
        ]
    },
    {
        "type": "message",
        "category": "personal",
        "title@en": "POSITIVE NOTES.",
        "body@en": "Notice good things as they happen today. Start jotting down things that go well or make you feel good. See if you can add to the list. every day. Paying attention to the positive creates a new way of looking at life!",
        "title@nl": "POSITIEF DAGBOEK.",
        "body@nl": "Sta vandaag stil bij de fijne dingen die gebeuren. Schrijf 3 dingen op die je goed laten voelen. Kijk of je iedere dag iets toe kan voegen. Aandacht besteden aan goede dingen geeft een nieuwe blik op het leven.",
        "question@en": "take time to notice the good things in your life?",
        "answer@en": "2",
        "question@nl": "sta je stil bij de goede dingen in het leven?",
        "answer@nl": "2",
        "labels": [
            "todo-rct"
        ]
    },
    {
        "type": "message",
        "category": "personal",
        "title@en": "MAKE SOMEONE’S DAY.",
        "body@en": "Find your oldest living relative or friend. Pay them a visit, give them a call or drop them a friendly hello letter with a photo. They’ll be happy and you’ll be glad you did it.",
        "question@en": "take time to notice the good things in your life?",
        "answer@en": "3",
        "labels": [
            "todo-rct"
        ]
    },
    {
        "type": "message",
        "category": "personal",
        "title@en": "ANOTHER WAY.",
        "body@en": "It's good that you're active, well done. If you walk, run or cycle regularly, today try to find a new route, one that takes you a different way. Or invite someone different to join you. ",
        "question@en": "feel too tired or too weak to exercise?",
        "answer@en": "1",
        "labels": [
            "todo-rct"
        ]
    },
    {
        "type": "message",
        "category": "personal",
        "title@en": "TV FIT DAY.",
        "body@en": "Every ad break, or whenever an animal appears on TV, do a random exercise. Touch your toes, raise your legs or swing your arms. Keep some tins by your chair to use as weights! Every little bit helps.",
        "question@en": "feel too tired or too weak to exercise?",
        "answer@en": "2",
        "labels": [
            "todo-rct"
        ]
    },
    {
        "type": "message",
        "category": "personal",
        "title@en": "TAKE MORE STEPS!",
        "body@en": "Get up to change the TV channel instead of using the remote control. Walk around when brushing your teeth or when on the phone. Look for opportunities when you can add a few more steps today. More activity creates more energy, not less!",
        "question@en": "feel too tired or too weak to exercise?",
        "answer@en": "3",
        "labels": [
            "todo-rct"
        ]
    },
    {
        "type": "message",
        "category": "personal",
        "title@en": "NAP STOP.",
        "body@en": "If you feel yourself falling asleep during the day set a timer so you only sleep for 20 minutes. Then get up out of the chair and do something. A short nap is enough to refresh you.",
        "title@nl": "DUTJE STOP.",
        "body@nl": "Zet een 20 minuten wekker als je jezelf overdag in slaap voelt vallen. Sta op en ga iets doen wanneer je wakker wordt. Een kort dutje is genoeg om jezelf fris te voelen.",
        "question@en": "take long naps during the day? (more than 1 hour)",
        "answer@en": "2",
        "question@nl": "slaap je overdag? (meer dan een uur)",
        "answer@nl": "2",
        "labels": [
            "todo-rct"
        ]
    },
    {
        "type": "message",
        "category": "personal",
        "title@en": "TIME IT.",
        "body@en": "Set an alarm to go to bed at the same time every night this week. And one to get up at the same time each day. This will help you establish a healthy sleep regime, you’ll feel energized and refreshed for doing this.",
        "title@nl": "BIOLOGISCHE KLOK.",
        "body@nl": "Zet een alarm zodat je deze week elke dag op dezelfde tijd naar bed gaat. Hierdoor ontwikkel je een gezond slaap patroon. Je zal overdag meer energie hebben en je frisser voelen",
        "question@en": "take long naps during the day? (more than 1 hour)",
        "answer@en": "3",
        "question@nl": "slaap je overdag? (meer dan een uur)",
        "answer@nl": "3",
        "labels": [
            "todo-rct"
        ]
    },
    {
        "type": "message",
        "category": "personal",
        "title@en": "CLEAN ONE THING DAY.",
        "body@en": "Give something a good scrub up today. E.g. clean your shoes. Dust the lights. Wash a window or your bike. Do the best job you can then stand back and admire your work!",
        "title@nl": "MAAK IETS SCHOON.",
        "body@nl": "Maak vandaag iets grondig schoon. Poets je schoenen, stof de vensterbank, poets een raam of was je auto/ fiets. Doe je best, neem een stap terug en geniet van je werk!",
        "question@en": "engage in light or heavy housework? (cooking, cleaning, gardening)",
        "answer@en": "1",
        "question@nl": "werk je in huis of in de tuin? (koken, schoonmaken, tuinieren)",
        "answer@nl": "1",
        "labels": [
            "todo-rct"
        ]
    },
    {
        "type": "message",
        "category": "personal",
        "title@en": "TIDY DAY.",
        "body@en": "De-clutter one area of your life. Your medicine cabinet, sock drawer, desk, bag, shed or photos perhaps? Dump or recycle things you no longer need. You’ll feel much lighter afterwards!",
        "title@nl": "SCHOONMAAK DAG",
        "body@nl": "Ruim vandaag een deel van je leven op. Je medicijn kastje, sokken la, bureau, schuur of foto’s misschien? Recycle of gooi dingen weg die je niet meer gebruikt. Je zal je daarna een stuk lichter voelen!",
        "question@en": "engage in light or heavy housework? (cooking, cleaning, gardening)",
        "answer@en": "2",
        "question@nl": "werk je in huis of in de tuin? (koken, schoonmaken, tuinieren)",
        "answer@nl": "2",
        "labels": [
            "todo-rct"
        ]
    },
    {
        "type": "message",
        "category": "personal",
        "title@en": "JAZZ IT UP!",
        "body@en": "Do some sweeping, cleaning, raking or sorting, to the sound of some lively music today. Sing along or add some dance steps. Dance as if nobody is watching, it’s a great way to exercise your body and will put a smile on your face too!",
        "title@nl": "MUZIEK IN DE OREN.",
        "body@nl": "Veeg vandaag de vloer, hark bladeren, of sorteer wat op het ritme van vrolijke muziek. Zing of dans mee, en doe het alsof niemand kijkt. Zo ben je actief en zal er een glimlach op je gezicht verschijnen.",
        "question@en": "engage in light or heavy housework? (cooking, cleaning, gardening)",
        "answer@en": "3",
        "question@nl": "werk je in huis of in de tuin? (koken, schoonmaken, tuinieren)",
        "answer@nl": "3",
        "labels": [
            "todo-rct"
        ]
    },
    {
        "type": "message",
        "category": "personal",
        "title@en": "YOU'RE A LIVE WIRE!",
        "body@en": "Today sit completely still for 15 minutes. Do something relaxing, listen to the sound of water, birds, peaceful music or chants.",
        "link@en": "",
        "question@en": "sit for long periods?",
        "answer@en": "1",
        "labels": [
            "todo-rct"
        ]
    },
    {
        "type": "message",
        "category": "personal",
        "title@en": "GET UP DAY!",
        "body@en": "Have a meeting standing up, walk and talk with a friend or colleague or take a break from sitting every hour. <<Here>> is why.",
        "link@en": "https://www.heartfoundation.org.au/active-living/sit-less",
        "question@en": "sit for long periods?",
        "answer@en": "2",
        "labels": [
            "todo-rct"
        ]
    },
    {
        "type": "message",
        "category": "personal",
        "title@en": "GET UP DAY!",
        "body@en": "Take a break from sitting every hour and move around today. Make calls standing up or stop the car and stretch. <<Here>> is why.",
        "link@en": "https://www.heartfoundation.org.au/active-living/sit-less",
        "question@en": "sit for long periods?",
        "answer@en": "3",
        "labels": [
            "todo-rct"
        ]
    },
    {
        "type": "message",
        "category": "personal",
        "title@en": "SLUMBER NUMBER",
        "body@en": "There are many things that can be done to improve sleep. <<These>> 10 tips could help you have a good night's sleep.",
        "link@en": "https://www.sleephealthfoundation.org.au/tips-for-a-good-night-s-sleep.html",
        "question@en": "get at least 7 hours sleep a night?",
        "answer@en": "1",
        "labels": [
            "todo-rct"
        ]
    },
    {
        "type": "message",
        "category": "personal",
        "title@en": "SWEET DREAMS.",
        "body@en": "Will come when you avoid screens 2 hours before bed. <<Here>> are some tips: have a bath, wind down, put on calm music, take nice thoughts to bed.",
        "link@en": "https://www.sleephealthfoundation.org.au/good-sleep-habits.html",
        "question@en": "get at least 7 hours sleep a night?",
        "answer@en": "2",
        "labels": [
            "todo-rct"
        ]
    },
    {
        "type": "message",
        "category": "personal",
        "title@en": "SWEET DREAMS.",
        "body@en": "Good to see you sleep well, it is important for your health. Stay on track by going to bed and getting up at the same time each day. Do you know <<these>> facts about dreaming?",
        "link@en": "https://www.sleephealthfoundation.org.au/facts-about-dreaming.html",
        "question@en": "get at least 7 hours sleep a night?",
        "answer@en": "3",
        "labels": [
            "nodietdiet"
        ]
    },
    {
        "type": "message",
        "title@en": "WE MISS YOU!",
        "body@en": "We are not getting any data from you. Are you sure Vire and Fitbit are working correctly? Contact us if you have any questions.",
        "title@nl": "WE MISSEN JE!",
        "body@nl": "Het lijkt er op dat we geen data van je binnen krijgen. Weet je zeker dat Vire en Fitbit goed werken? Neem contact op als je vragen hebt.",
        "precept": "dsd",
        "category": "avs",
        "activity": "T",
        "variety": "T",
        "social": "T"
    },
    {
        "type": "message",
        "title@en": "NO DATA.",
        "body@en": "We are not getting any data from you. Please ignore this message if you don't want to share location data or use a Fitbit.",
        "title@nl": "GEEN DATA.",
        "body@nl": "Het lijkt er op dat we geen data van je binnen krijgen. Je kan dit bericht negeren als je bewust geen locatie data met ons deelt of geen Fitbit gebruikt.",
        "precept": "dsd",
        "category": "avs",
        "activity": "T",
        "variety": "T",
        "social": "T"
    },
    {
        "type": "message",
        "title@en": "NO SCORES.",
        "body@en": "We are not getting any data from you so we cannot provide activity, variety or social scores. Contact us if you have any issues with the app.",
        "title@nl": "GEEN SCORES.",
        "body@nl": "We krijgen geen data van je binnen en kunnen daarom geen activiteit, variatie en sociale scoren geven. Neem contact op als je problemen hebt met de app.",
        "precept": "dsd",
        "category": "avs",
        "activity": "T",
        "variety": "T",
        "social": "T"
    },
    {
        "type": "message",
        "title@en": "MISSING DATA.",
        "body@en": "We are not receiving enough data to provide behavioural scores. Please contact us if you have any questions, or ignore this message if you do not want to share data.",
        "title@nl": "MISSENDE DATA.",
        "body@nl": "We krijgen niet voldoende data van je binnen om de scores te berekenen. Neem contact op als je vragen hebt, of negeer dit bericht als je geen data wil delen.",
        "precept": "dsd",
        "category": "avs",
        "activity": "T",
        "variety": "T",
        "social": "T"
    },
    {
        "type": "message",
        "title@en": "BETTER WITH DATA.",
        "body@en": "We are not getting any data from you. The Do programme becomes more personalised if you share Vire and Fitbit data with us. Contact us if you have questions or ignore this message if you don't want to share data.",
        "title@nl": "BETER MET DATA.",
        "body@nl": "We krijgen geen data van je binnen. Het Do programma wordt persoonlijker als je Fitbit en Vire data met ons deelt. Neem contact op als je vragen hebt, of negeer dit bericht als je geen data wil delen.",
        "precept": "dsd",
        "category": "avs",
        "activity": "T",
        "variety": "T",
        "social": "T"
    },
    {
        "type": "message",
        "title@en": "PROBLEMS WITH VIRE?",
        "body@en": "Does Vire work like you expect? We are not getting any data from you. Please contact us if you have any questions, or ignore this message if you don't want to share data.",
        "title@nl": "PROBLEMEN MET VIRE?",
        "body@nl": "Werkt Vire zoals je verwacht? We krijgen geen data van je binnen. Neem contact op als je problemen hebt, of negeer dit bericht als je geen data wil delen.",
        "precept": "dsd",
        "category": "avs",
        "activity": "T",
        "variety": "T",
        "social": "T"
    },
    {
        "type": "message",
        "title@en": "GET SUPPORT",
        "body@en": "If you're not sure about a Do, an exercise, or some of your symptoms, don't hesitate to ask for help. Call your health center to ask for a face to face meeting with a clinician.",
        "precept": "dsd",
        "category": "avs",
        "activity": "T",
        "variety": "T",
        "social": "T"
    },
    {
        "type": "message",
        "title@en": "REFLECTION DAY.",
        "body@en": "Think about things you did differently before you started the Do programme. How do the changes make you feel?",
        "title@nl": "REFLECTIE DAG.",
        "body@nl": "Denk vandaag terug aan dingen die je anders deed voor het programma. Hoe voel je je hierbij?",
        "category": "avs"
    },
    {
        "type": "message",
        "title@en": "WELL DONE!",
        "body@en": "You're making good progress with the Do's, that's great! Keep it going.",
        "title@nl": "GOED BEZIG!",
        "body@nl": "Je maakt goede vooruitgang met de Do’s, dat is geweldig. Ga zo door.",
        "category": "avs"
    },
    {
        "type": "message",
        "title@en": "THINGS ARE GOING WELL.",
        "body@en": "Your variety, activity and social scores are good. Try to keep it up!",
        "title@nl": "HET GAAT GOED!",
        "body@nl": "Je variatie, activiteit en sociale scores zijn goed. Probeer het vol te houden.",
        "category": "avs"
    },
    {
        "type": "message",
        "title@en": "ADJUST YOUR DO.",
        "body@en": "If a certain Do does not work for you, try to adjust it - make sure you still do something different.",
        "title@nl": "VERANDER JE DO.",
        "body@nl": "Als een bepaalde Do niet bij je paste, probeer deze dan aan te passen - zorg er voor dat je toch iets anders doet.",
        "category": "avs"
    },
    {
        "type": "message",
        "title@en": "COME UP WITH A DO.",
        "body@en": "You are doing things differently. Try to come up with your own Do today and share it with someone.",
        "title@nl": "BEDENK EEN DO.",
        "body@nl": "Andere dingen doen gaat goed. Probeer vandaag zelf een Do te bedenken en deel hem met een ander.",
        "category": "avs"
    },
    {
        "type": "message",
        "title@en": "GOOD SCORES.",
        "body@en": "Your activity, social and variety scores are all high. Try to keep up the good work!",
        "title@nl": "GOEDE SCORES.",
        "body@nl": "Je scores zijn allemaal hoog, probeer dit vol te houden!",
        "category": "avs"
    },
    {
        "type": "message",
        "title@en": "TIME TO BE MORE ACTIVE!",
        "body@en": "You could do with raising your activity levels. Why not do something different, fit in a walk or some exercise? Get inspired <<here>>.",
        "link@en": "https://www.heartfoundation.org.au/active-living/get-active",
        "precept": "dsd",
        "category": "avs",
        "activity": "T",
        "variety": "",
        "social": ""
    },
    {
        "type": "message",
        "title@en": "ACTIVITY UPDATE!",
        "body@en": "Up The Pace Day. Walk faster, walk further today. Try a new route, go somewhere completely different and enjoy the change!",
        "precept": "dsd",
        "category": "avs",
        "activity": "T",
        "variety": "",
        "social": ""
    },
    {
        "type": "message",
        "title@en": "ACTIVITY PLAN!",
        "body@en": "Decide when you will fit a walk into each of the coming days. Schedule it, put it into your calendar.",
        "title@nl": "ACTIVITEITSPLAN!",
        "body@nl": "Beslis wanneer je in de komende dagen een wandeling gaat maken. Plan het, zet het op je kalender.",
        "precept": "dsd",
        "category": "avs",
        "activity": "T"
    },
    {
        "type": "message",
        "title@en": "SOUNDS AROUND.",
        "body@en": "Next time you are outside, in the street or garden, stop and see how many sounds you can spot. Listen for the birds, a distant plane or chatter perhaps? Move on when you’ve counted ten sounds.",
        "title@nl": "GELUID OM JE HEEN.",
        "body@nl": "De volgende keer dat je buiten bent, in de tuin of onderweg, luister om je heen. Hoor je vogels, auto’s in de verte, of mensen die praten? Probeer 5 verschillende geluiden te herkennen.",
        "precept": "dsd",
        "category": "avs",
        "activity": "T"
    },
    {
        "type": "message",
        "title@en": "ACTIVITY BOOST NEEDED!",
        "body@en": "Take the longer route, park further away, get off the bus early, or use the stairs. Be active for 30 minutes today. Any activity is better than none!",
        "precept": "dsd",
        "category": "avs",
        "activity": "T"
    },
    {
        "type": "message",
        "title@en": "UP THE ACTIVITY!",
        "body@en": "Put your training shoes or kit somewhere you can see it, to remind you to be more active tomorrow.",
        "title@nl": "VERHOOG JE ACTIVITEIT!",
        "body@nl": "Plaats je sportschoenen of kleding in het zicht. Dit zal je eraan herinneren om morgen actiever te zijn.",
        "precept": "dsd",
        "category": "avs",
        "activity": "T"
    },
    {
        "type": "message",
        "title@en": "LONGER WAY.",
        "body@en": "Set off earlier and allow a bit more time on your next journey. Take a longer route (get off the bus early or park a little further away) so you have to walk more.",
        "precept": "dsd",
        "category": "avs",
        "activity": "T",
        "variety": "",
        "social": ""
    },
    {
        "type": "message",
        "title@en": "FIT IN MORE ACTIVITY!",
        "body@en": "Visit the shop that's a bit further away today. Add some extra steps for your fitness.",
        "precept": "dsd",
        "category": "avs",
        "activity": "T",
        "variety": "",
        "social": ""
    },
    {
        "type": "message",
        "title@en": "ACTIVITY MOTIVATOR!",
        "body@en": "Pick a small healthy treat you love. Save it for when you've hit your daily steps goal or gone a day without unhealthy snacks.",
        "precept": "dsd",
        "category": "avs",
        "activity": "T",
        "variety": "",
        "social": ""
    },
    {
        "type": "message",
        "title@en": "QUICK BREAK DAY.",
        "body@en": "Today set a reminder each hour to stand in place, stretch or take a quick walk around the block or in the office. Every little helps.",
        "precept": "dsd",
        "category": "avs",
        "activity": "T",
        "variety": "",
        "social": ""
    },
    {
        "type": "message",
        "title@en": "REORGANISE YOUR SPACE.",
        "body@en": "Move something you often use to a different place so you have to get up every time you use it. The remote in the kitchen, your phone in another room?",
        "precept": "dsd",
        "category": "avs",
        "activity": "T",
        "variety": "",
        "social": ""
    },
    {
        "type": "message",
        "title@en": "MOVE YOUR BINS.",
        "body@en": "Move your rubbish bin at home or at work further away so that you have to hop up out of your chair to use it.",
        "precept": "dsd",
        "category": "avs",
        "activity": "T",
        "variety": "",
        "social": ""
    },
    {
        "type": "message",
        "title@en": "MEMORY LANE DAY.",
        "body@en": "Instead of watching TV, take a trip down memory lane. Find an old photo album and revisit your fondest memories.",
        "precept": "dsd",
        "category": "avs",
        "activity": "T",
        "variety": "",
        "social": ""
    },
    {
        "type": "message",
        "title@en": "ACTIVITY BURST DAY.",
        "body@en": "Break up your sitting or TV watching time with small bursts of movement (e.g. check the mailbox, take the rubbish out, do some stretches). This improves feelings of energy, vigor and mood and decreases feelings of fatigue throughout your day.",
        "precept": "dsd",
        "category": "avs",
        "activity": "T",
        "variety": "",
        "social": ""
    },
    {
        "type": "message",
        "title@en": "REMOTE REMOTE.",
        "body@en": "Place your TV remote out of sight so that it doesn't tempt you to watch TV. When you come home from being out, do some cooking or gardening as soon as you arrive home instead of watching TV.",
        "precept": "dsd",
        "category": "avs",
        "activity": "T",
        "variety": "",
        "social": ""
    },
    {
        "type": "message",
        "title@en": "SEDENTARY SUM.",
        "body@en": "How often do you sit during the day? Tally up the amount of times you sit still for more than an hour today. You might be surprised!",
        "precept": "dsd",
        "category": "avs",
        "activity": "T",
        "variety": "",
        "social": ""
    },
    {
        "type": "message",
        "title@en": "VARIETY IS GOOD FOR US!",
        "body@en": "Why not do something different, try something new, spice things up a bit? Have you ticked off all the national <<attractions>> Canberra has to offer?",
        "link@en": "https://visitcanberra.com.au/attractions/national-attractions",
        "precept": "dsd",
        "category": "avs",
        "activity": "",
        "variety": "T",
        "social": ""
    },
    {
        "type": "message",
        "title@en": "GET A VARIETY MANTRA!",
        "body@en": "Choose a phrase, quote or lyrics that really spur you on to stay healthy. Make it your screensaver or share it.  Just do it!",
        "link@en": "",
        "precept": "dsd",
        "category": "avs",
        "activity": "",
        "variety": "T",
        "social": ""
    },
    {
        "type": "message",
        "title@en": "TIME FOR MORE VARIETY!",
        "body@en": "Today have your midday meal in a different place, eat a new food, share it or invite someone new to join you. Do it differently",
        "link@en": "",
        "precept": "dsd",
        "category": "avs",
        "activity": "",
        "variety": "T",
        "social": ""
    },
    {
        "type": "message",
        "title@en": "TOURIST EYES.",
        "body@en": "Set out to be more of an explorer within Canberra. Walk around in an unfamiliar part or go and look at a historic or cultural site you've never been to before. Get inspired <<here>>.",
        "link@en": "https://visitcanberra.com.au",
        "precept": "dsd",
        "category": "avs",
        "activity": "",
        "variety": "T",
        "social": ""
    },
    {
        "type": "message",
        "title@en": "VARIETY SHAKE UP!",
        "body@en": "Set a timer to turn off your TV/shut down your screen for 15 minute breaks. Use the time to walk outside, get some fresh air.",
        "link@en": "",
        "precept": "dsd",
        "category": "avs",
        "activity": "",
        "variety": "T",
        "social": ""
    },
    {
        "type": "message",
        "title@en": "VARIETY SHOT NEEDED!",
        "body@en": "Try something new. Take one thing that you do the same every day and find a way to do it differently.",
        "link@en": "",
        "precept": "dsd",
        "category": "avs",
        "activity": "",
        "variety": "T",
        "social": ""
    },
    {
        "type": "message",
        "title@en": "TIME TO UNPLUG.",
        "body@en": "Switch off TV/screens. Talk to friends or family instead, tell jokes, share stories. Or call up an old friend or relative just to have a chat. Do it standing up.",
        "link@en": "",
        "precept": "dsd",
        "category": "avs",
        "activity": "",
        "variety": "T",
        "social": ""
    },
    {
        "type": "message",
        "title@en": "VARIETY BOOSTER!",
        "body@en": "Do things you used to enjoy. Jumping in puddles, puzzles or playing games. Rediscover childish fun or an old hobby.",
        "link@en": "",
        "precept": "dsd",
        "category": "avs",
        "activity": "",
        "variety": "T",
        "social": ""
    },
    {
        "type": "message",
        "title@en": "RESEARCH DAY.",
        "body@en": "Find out what is going on in your community. Arrange to see or join in something, find out what's going on <<here>>.",
        "link@en": "https://www.outincanberra.com.au/events/",
        "precept": "dsd",
        "category": "avs",
        "activity": "",
        "variety": "T",
        "social": ""
    },
    {
        "type": "message",
        "title@en": "KEEP UP YOUR SOCIAL LIFE!",
        "body@en": "Friends and relationships are very important. Who have you been neglecting, who could you arrange to meet up with?",
        "title@nl": "HOU JE SOCIALE LEVEN BIJ!",
        "body@nl": "Vrienden en relaties zijn heel belangrijk. Wie heb je een tijd niet gezien? Met wie zou je weer een keer kunnen afspreken?",
        "precept": "dsd",
        "category": "avs",
        "social": "T"
    },
    {
        "type": "message",
        "title@en": "TIME TO GET SOCIAL!",
        "body@en": "Today sit next to someone you don't normally sit with. Or approach someone new to say hello and ask how their day has been.",
        "title@nl": "TIJD OM MEER SOCIAAL TE WORDEN!",
        "body@nl": "Ga vandaag naast iemand zitten waar je normaal gesproken niet naast zit. Of benader een vreemde om 'hallo' te zeggen en te vragen hoe zijn/ haar dag is geweest.",
        "precept": "dsd",
        "category": "avs",
        "social": "T"
    },
    {
        "type": "message",
        "title@en": "SOCIAL LIFT NEEDED!",
        "body@en": "Write a list of people you could talk to if you needed a chat. Call or visit one of those people today.",
        "title@nl": "SOCIALE OPKIKKER NODIG!",
        "body@nl": "Maak een lijst van mensen waarmee je kan praten als je behoefte hebt aan een babbel. Bel of bezoek vandaag één persoon van je lijst.",
        "precept": "dsd",
        "category": "avs",
        "social": "T"
    },
    {
        "type": "message",
        "title@en": "MEET SOMEONE NEW.",
        "body@en": "Knock on the door of a neighbour you haven't met before. Introduce yourself. Take something from your garden or invite them for a coffee.",
        "title@nl": "ONTMOET EEN NIEUW PERSOON.",
        "body@nl": "Klop aan bij een buur die je nog nooit ontmoet hebt. Introduceer jezelf. Neem iets mee uit je tuin of nodig hem/ haar uit voor koffie.",
        "precept": "dsd",
        "category": "avs",
        "social": "T"
    },
    {
        "type": "message",
        "title@en": "PEP UP THE SOCIAL!",
        "body@en": "Today text at least one person you haven't spoken to in a while, just to say 'Hi, how are you?'. A quick Hi can keep friendships alive.",
        "title@nl": "SOCIALE OPPEPPER!",
        "body@nl": "Stuur vandaag tenminste één persoon die je al een tijd niet gesproken hebt een berichtje. Zeg gewoon 'Hoi, hoe gaat het?'. Een snel berichtje kan vriendschappen in leven houden.",
        "precept": "dsd",
        "category": "avs",
        "social": "T"
    },
    {
        "type": "message",
        "title@en": "BE SOCIAL TODAY!",
        "body@en": "Make others smile. Give a compliment to someone, make them laugh, tell them what you admire about them.",
        "title@nl": "BEN VANDAAG SOCIAAL!",
        "body@nl": "Maak anderen aan het lachen. Geef iemand een compliment. Laat hen lachen, vertel hen wat je leuk aan hen vindt.",
        "precept": "dsd",
        "category": "avs",
        "social": "T"
    },
    {
        "type": "message",
        "title@en": "TIME FOR A FRIEND.",
        "body@en": "Who haven't you seen for at least a month? Reconnect with them. Give them a call, send a card or message them now.",
        "title@nl": "TIJD VOOR EEN VRIEND.",
        "body@nl": "Wie heb je al tenminste een maand niet gezien? Neem weer contact met diegene op. Bel op, stuur een kaart of een berichtje. Doe het nu!",
        "precept": "dsd",
        "category": "avs",
        "social": "T"
    },
    {
        "type": "message",
        "title@en": "SOCIAL SHOT NEEDED!",
        "body@en": "Today plan some fun for the weekend. Book up somewhere, plan an outing, arrange a fun get-together with friends or family.",
        "title@nl": "SOCIAAL SHOT NODIG!",
        "body@nl": "Plan vandaag iets leuks voor het weekend. Organiseer een uitje, of nodig vrienden of familie uit voor een etentje.",
        "precept": "dsd",
        "category": "avs",
        "social": "T"
    },
    {
        "type": "message",
        "title@en": "SOCIAL ALERT!",
        "body@en": "Today drop into a place where you know there are friendly faces. Spend some time there, stay for a chat.",
        "title@nl": "SOCIAAL ALERT!",
        "body@nl": "Ga vandaag ergens langs waarvan je weet dat er vriendelijke mensen zijn. Hang er even rond, blijf voor een praatje.",
        "precept": "dsd",
        "category": "avs",
        "social": "T"
    },
    {
        "type": "message",
        "title@en": "TIME TO MOVE MORE!",
        "body@en": "Let's raise those activity levels. Why not walk to see a friend or invite someone to exercise with you?",
        "title@nl": "TIJD OM MEER TE BEWEGEN.",
        "body@nl": "Laten we de activiteit verhogen. Maak een wandeling om een vriend te zien, of nodig iemand uit om met je te sporten/ bewegen.",
        "precept": "dsd",
        "category": "avs",
        "activity": "T",
        "social": "C"
    },
    {
        "type": "message",
        "title@en": "ACTIVITY ALERT!",
        "body@en": "Share your plan to be more active with a supportive friend or family member. Ask them to back you up and to help you stay on track.",
        "title@nl": "ACTIVITEIT WEKKER!",
        "body@nl": "Deel je plan om actiever te worden met een vriend of familielid die je steunt. Vraag hen om er voor je te zijn en je te helpen om je doelen te bereiken.",
        "precept": "dsd",
        "category": "avs",
        "activity": "T",
        "social": "C"
    },
    {
        "type": "message",
        "title@en": "SHARE THE ACTIVITY!",
        "body@en": "Why not find an app or use social media to share your activity levels with others. Have a look at <<this>> app by the Heart Foundation.",
        "link@en": "https://walking.heartfoundation.org.au/walk-as-an-individual/",
        "precept": "dsd",
        "category": "avs",
        "activity": "T",
        "social": "C"
    },
    {
        "type": "message",
        "title@en": "PLAY DAY.",
        "body@en": "Teach someone you know how to play one of your favourite childhood games such as handball, 4-square or hopscotch.",
        "link@en": "",
        "precept": "dsd",
        "category": "avs",
        "activity": "T",
        "variety": "",
        "social": "C"
    },
    {
        "type": "message",
        "title@en": "BE A ROLE MODEL!",
        "body@en": "Sitting less and moving more is important for everybody’s health. Be a role model by participating in activities with others around you. Sharing your own active lifestyles can have a great effect on other’s attitudes to physical activity.",
        "link@en": "",
        "precept": "dsd",
        "category": "avs",
        "activity": "T",
        "variety": "",
        "social": "C"
    },
    {
        "type": "message",
        "title@en": "NEW BREW.",
        "body@en": "Today go for a stroll to have your coffee or tea break at a new place instead of your normal spot. Ask a friend for their favourite place and invite them to join.",
        "link@en": "",
        "precept": "dsd",
        "category": "avs",
        "activity": "T",
        "variety": "",
        "social": "C"
    },
    {
        "type": "message",
        "title@en": "AFTER DINNER DIP.",
        "body@en": "Beat the after dinner dip. Wait for an hour or two first to let the food settle, then take someone for a small walk or do some indoor exercises. Activity helps digestion and several other functions of the body.",
        "link@en": "",
        "precept": "dsd",
        "category": "avs",
        "activity": "T",
        "variety": "",
        "social": "C"
    },
    {
        "type": "message",
        "title@en": "TAKE A WANDERING WALK.",
        "body@en": "There's always room for more variety in your life. Take the direction that looks most interesting instead of taking your regular route.",
        "link@en": "",
        "precept": "dsd",
        "category": "avs",
        "activity": "T",
        "variety": "C",
        "social": ""
    },
    {
        "type": "message",
        "title@en": "MORE ACTIVE ALERT!",
        "body@en": "Walk a journey you would normally take by car. Or take your own dog, or a neighbour's dog, for a walk today.",
        "link@en": "",
        "precept": "dsd",
        "category": "avs",
        "activity": "T",
        "variety": "C",
        "social": ""
    },
    {
        "type": "message",
        "title@en": "ACTIVITY CHALLENGE DAY!",
        "body@en": "Try a new way of moving today. Search Youtube or ask a friend. Learn a dance move or yoga position.",
        "link@en": "",
        "precept": "dsd",
        "category": "avs",
        "activity": "T",
        "variety": "C",
        "social": ""
    },
    {
        "type": "message",
        "title@en": "LEARN AND BURN.",
        "body@en": "Instead of sitting and reading or watching the news, listen to recorded books, podcasts, or the radio while you walk, clean, or work in the garden.",
        "link@en": "",
        "precept": "dsd",
        "category": "avs",
        "activity": "T",
        "variety": "C",
        "social": ""
    },
    {
        "type": "message",
        "title@en": "SEDENTARY STOP.",
        "body@en": "When do you find yourself usually sitting for prolonged periods? Plan in a short walk when you are usually sedentary.",
        "link@en": "",
        "precept": "dsd",
        "category": "avs",
        "activity": "T",
        "variety": "C",
        "social": ""
    },
    {
        "type": "message",
        "title@en": "DON'T LET THE WEATHER STOP YOU!",
        "body@en": "Try doing exercises inside like standing up from a chair, rising up onto your toes or marching on the spot.",
        "link@en": "",
        "precept": "dsd",
        "category": "avs",
        "activity": "T",
        "variety": "C",
        "social": ""
    },
    {
        "type": "message",
        "title@en": "MEAN CLEAN.",
        "body@en": "Make your tidying up more active today. Put things away in lots of small trips. Never carry more than two items at a time.",
        "link@en": "",
        "precept": "dsd",
        "category": "avs",
        "activity": "T",
        "variety": "C",
        "social": ""
    },
    {
        "type": "message",
        "title@en": "MORE OF A MIX IS NEEDED!",
        "body@en": "Try doing the same things in a different order today, or turn left instead of right when going through a door.",
        "link@en": "",
        "precept": "dsd",
        "category": "avs",
        "activity": "C",
        "variety": "T",
        "social": ""
    },
    {
        "type": "message",
        "title@en": "VARIETY ALERT!",
        "body@en": "Life is better when we bring in the new. Be an explorer today and visit a different part of Canberra or your neighbourhood.",
        "link@en": "",
        "precept": "dsd",
        "category": "avs",
        "activity": "C",
        "variety": "T",
        "social": ""
    },
    {
        "type": "message",
        "title@en": "UP THE VARIETY!",
        "body@en": "Spend time in nature today, go via the park or lake, through a garden, forest or wood. You could try a bit of the Canberra Centenary <<Trail>>.",
        "link@en": "https://www.environment.act.gov.au/parks-conservation/parks-and-reserves/find-a-park/rural/canberra-centenary-trail/canberra-centenary-trail-map",
        "precept": "dsd",
        "category": "avs",
        "activity": "C",
        "variety": "T",
        "social": ""
    },
    {
        "type": "message",
        "title@en": "DISCOVER THE NEW.",
        "body@en": "Today buy, or read, an unusual magazine or one about a topic you know nothing about. Share an interesting fact with one other person.",
        "link@en": "",
        "precept": "dsd",
        "category": "avs",
        "activity": "",
        "variety": "T",
        "social": "C"
    },
    {
        "type": "message",
        "title@en": "TIME TO DO SOMETHING DIFFERENT!",
        "body@en": "Your life would benefit from more variety. Call someone and plan a visit to the National Arboritum or the Botanic Gardens.",
        "link@en": "",
        "precept": "dsd",
        "category": "avs",
        "activity": "",
        "variety": "T",
        "social": "C"
    },
    {
        "type": "message",
        "title@en": "YOU COULD DO WITH MORE VARIETY!",
        "body@en": "Next time you arrange to meet someone make it at a place you have never been to before.",
        "link@en": "",
        "precept": "dsd",
        "category": "avs",
        "activity": "",
        "variety": "T",
        "social": "C"
    },
    {
        "type": "message",
        "title@en": "DO SOMETHING DIFFERENT.",
        "body@en": "Make time for people in your life. Smile or say hello to someone wherever you go.",
        "link@en": "",
        "precept": "dsd",
        "category": "avs",
        "activity": "",
        "variety": "C",
        "social": "T"
    },
    {
        "type": "message",
        "title@en": "BE MORE SOCIAL!",
        "body@en": "It's good to connect. Call up a friend or relative who would love to hear from you today. Do it standing up!",
        "link@en": "",
        "precept": "dsd",
        "category": "avs",
        "activity": "",
        "variety": "C",
        "social": "T"
    },
    {
        "type": "message",
        "title@en": "SOCIAL ALERT!",
        "body@en": "Be the first to smile and say Hello to people you see today.",
        "link@en": "",
        "precept": "dsd",
        "category": "avs",
        "activity": "",
        "variety": "C",
        "social": "T"
    },
    {
        "type": "message",
        "title@en": "MOVE WITH YOUR MATES!",
        "body@en": "Ask a friend or family member to walk with you. Go together to an exercise class, for a swim or bike ride, or to a dance class.",
        "link@en": "",
        "precept": "dsd",
        "category": "avs",
        "activity": "C",
        "variety": "",
        "social": "T"
    },
    {
        "type": "message",
        "title@en": "SOCIAL BOOST NEEDED!",
        "body@en": "Plan an activity that takes you outside your comfort zone this weekend. A new place? Different people? Join a walking <<group>>?",
        "link@en": "https://walking.heartfoundation.org.au/walking",
        "precept": "dsd",
        "category": "avs",
        "activity": "C",
        "variety": "",
        "social": "T"
    },
    {
        "type": "message",
        "title@en": "BE SOCIAL FROM THE WORD GO!",
        "body@en": "Remember to say 'Good Morning' to your family, young and old. Then do it with everyone you meet.",
        "link@en": "",
        "precept": "dsd",
        "category": "avs",
        "activity": "C",
        "variety": "",
        "social": "T"
    },
    {
        "type": "message",
        "precept": "dsd",
        "category": "expander",
        "title@en": "EXPANDER",
        "body@en": "Be a bit more assertive today. Speak up when you would normally hold back. Ask someone for something you really want.",
        "title@nl": "VERRUIMER",
        "body@nl": "Ben vandaag iets assertiever. Kom uit voor je mening op momenten waarop je je normaal zou inhouden. Vraag iemand om iets wat je echt wil.",
        "target@en": "assertive",
        "target@nl": "assertief"
    },
    {
        "type": "message",
        "precept": "dsd",
        "category": "expander",
        "title@en": "EXPANDER",
        "body@en": "It's NO Day today. Don't say yes when you really want to say no. Give no reason or excuse. Just say, 'Sorry, but the answer's no'.",
        "title@nl": "VERRUIMER",
        "body@nl": "Het is vandaag Nee Dag. Zeg niet ja als je eigenlijk nee bedoelt. Geef geen uitleg. Zeg gewoon: ‘Sorry, maar het antwoord is nee.’",
        "target@en": "assertive",
        "target@nl": "assertief"
    },
    {
        "type": "message",
        "precept": "dsd",
        "category": "expander",
        "title@en": "EXPANDER",
        "body@en": "Be a bit more laid back today. Don’t rush things, enjoy the journey, consider taking up a relaxing hobby.",
        "title@nl": "VERRUIMER",
        "body@nl": "Doe een beetje relaxed vandaag. Haast je niet, geniet van alles wat er op je pad komt. Misschien is een rustgevende hobby iets voor jou?",
        "target@en": "not lively/laid back",
        "target@nl": "niet levendig/beheerst"
    },
    {
        "type": "message",
        "precept": "dsd",
        "category": "expander",
        "title@en": "EXPANDER",
        "body@en": "Become less time bound today. Leave off your watch, switch off your mobile phone and unplug for at least an hour.",
        "title@nl": "VERRUIMER",
        "body@nl": "Laat je vandaag niet leiden door de klok. Doe je horloge af, zet je telefoon uit - ben minimaal één uur niet bereikbaar.",
        "target@en": "not lively/laid back",
        "target@nl": "niet levendig/beheerst"
    },
    {
        "type": "message",
        "precept": "dsd",
        "category": "expander",
        "title@en": "EXPANDER",
        "body@en": "Take more risks with others today. Ask someone what they honestly think of you or of something you are doing.",
        "title@nl": "VERRUIMER",
        "body@nl": "Stel je vandaag kwetsbaar op. Vraag iemand wat hij/ zij écht van je vindt, of van iets waar je mee bezig bent.",
        "target@en": "risk-taker",
        "target@nl": "risico nemer"
    },
    {
        "type": "message",
        "precept": "dsd",
        "category": "expander",
        "title@en": "EXPANDER",
        "body@en": "List five daring things that sound fun. Take a real step towards making one of them happen – book, plan, involve others.",
        "title@nl": "VERRUIMER",
        "body@nl": "Welke vijf gewaagde uitdagingen lijken je leuk? Kies er een en ga ermee aan de slag. Maak plannen en betrek anderen erbij.",
        "target@en": "risk-taker",
        "target@nl": "risico nemer"
    },
    {
        "type": "message",
        "precept": "dsd",
        "category": "expander",
        "title@en": "EXPANDER",
        "body@en": "Be a bit more of an extrovert today. Get to know somebody new, make the first move towards a new friendship.",
        "title@nl": "VERRUIMER",
        "body@nl": "Ben vandaag meer extravert. Stap af op iemand die je nog niet kent, zet een eerste stap richting een nieuwe vriendschap",
        "target@en": "extroverted",
        "target@nl": "extrovert"
    },
    {
        "type": "message",
        "precept": "dsd",
        "category": "expander",
        "title@en": "EXPANDER",
        "body@en": "Be more outgoing today. Initiate a conversation with someone you don't usually speak to.",
        "title@nl": "VERRUIMER",
        "body@nl": "Ben vandaag meer extravert. Knoop een gesprek aan met iemand die je normaal nooit aanspreekt.",
        "target@en": "extroverted",
        "target@nl": "extrovert"
    },
    {
        "type": "message",
        "precept": "dsd",
        "category": "expander",
        "title@en": "EXPANDER",
        "body@en": "Be More Wary Day. Review a financial arrangement, a mobile contract, a rental agreement or bank statement. Could it be improved?",
        "title@nl": "VERRUIMER",
        "body@nl": "Vandaag is het ‘Wantrouw dag’. Kijk nog eens goed naar die financiële overeenkomst, dat telefoonabonnement, die huurovereenkomst of dat bankafschrift. Wat kan er beter?",
        "target@en": "wary of others",
        "target@nl": "op je hoede voor anderen"
    },
    {
        "type": "message",
        "precept": "dsd",
        "category": "expander",
        "title@en": "EXPANDER",
        "body@en": "Be a little more wary today. Take nothing for granted, ask for a reason why. Check facts carefully.",
        "title@nl": "VERRUIMER",
        "body@nl": "Ben vandaag iets meer op je hoede. Neem niet alles klakkeloos aan. Vraag om uitleg en check feiten.",
        "target@en": "wary of others",
        "target@nl": "op je hoede voor anderen"
    },
    {
        "type": "message",
        "precept": "dsd",
        "category": "expander",
        "title@en": "EXPANDER",
        "body@en": "It's Extra Courteous Day today. E.g. give way to traffic, let others into a queue or parking space, give up your seat on public transport.",
        "title@nl": "VERRUIMER",
        "body@nl": "Vandaag is het ‘Hoffelijkheid dag’. Laat iemand voorgaan in het verkeer en gun die vrije parkeerplaats aan een ander. Sta op voor iemand in het openbaar vervoer.",
        "target@en": "unassertive",
        "target@nl": "volgzaam"
    },
    {
        "type": "message",
        "precept": "dsd",
        "category": "expander",
        "title@en": "EXPANDER",
        "body@en": "Be less assertive today. Let another person decide or choose for you. Try saying, 'Today I'm leaving it up to you'.",
        "title@nl": "VERRUIMER",
        "body@nl": "Ben vandaag minder assertief. Laat een beslissing of keuze over aan een ander. Zeg: ‘Vandaag is het aan jou.’",
        "target@en": "unassertive",
        "target@nl": "volgzaam"
    },
    {
        "type": "message",
        "precept": "dsd",
        "category": "expander",
        "title@en": "EXPANDER",
        "body@en": "Hold Back Day. Let others take the lead, give their opinions, make decisions. Listen carefully. Write down what you learn by taking a back seat.",
        "title@nl": "VERRUIMER",
        "body@nl": "Vandaag is het ‘Terughoudendheid dag’. Laat anderen het voortouw nemen, hun mening geven en besluiten nemen. Luister goed en schrijf op wat je leert als je niet aan het roer staat.",
        "target@en": "unassertive",
        "target@nl": "volgzaam"
    },
    {
        "type": "message",
        "precept": "dsd",
        "category": "expander",
        "title@en": "EXPANDER",
        "body@en": "Be as flexible as you can today. Try breaking away from your usual routine. Experiment with doing the same things but at different times.",
        "title@nl": "VERRUIMER",
        "body@nl": "Ben vandaag zo flexibel mogelijk. Probeer los te komen uit de sleur. Doe wat je altijd doet, maar op andere momenten.",
        "target@en": "flexible",
        "target@nl": "flexibel"
    },
    {
        "type": "message",
        "precept": "dsd",
        "category": "expander",
        "title@en": "EXPANDER",
        "body@en": "It's Flexible Day. Welcome alternative views, allow others to be ‘right’ or let the other person win the argument.",
        "title@nl": "VERRUIMER",
        "body@nl": "Het is ‘Flexibiliteit dag’. Sta open voor afwijkende opvattingen. Geef een ander gelijk of laat hem of haar een discussie winnen.",
        "target@en": "flexible",
        "target@nl": "flexibel"
    },
    {
        "type": "message",
        "precept": "dsd",
        "category": "expander",
        "title@en": "EXPANDER",
        "body@en": "It's Shake-up Day. Wear something unusual. Take a different route. Mash up your routine. Invite others to break their routines too.",
        "title@nl": "VERRUIMER",
        "body@nl": "Het is ‘Doe Het Helemaal Anders dag’. Draag iets wat je normaal niet zou aantrekken. Neem een andere route naar je werk. Deel je dag anders in en nodig anderen uit om hetzelfde te doen.",
        "target@en": "flexible",
        "target@nl": "flexibel"
    },
    {
        "type": "message",
        "precept": "dsd",
        "category": "expander",
        "title@en": "EXPANDER",
        "body@en": "Be calmer today. Stop and just daydream, watch the world go by or read for pleasure in the middle of the day.",
        "title@nl": "VERRUIMER",
        "body@nl": "Doe het rustig aan vandaag. Neem de tijd, dagdroom of observeer hoe de wereld aan je voorbijtrekt. Lees iets voor de lol.",
        "target@en": "calm/relaxed",
        "target@nl": "kalm/ontspannen"
    },
    {
        "type": "message",
        "precept": "dsd",
        "category": "expander",
        "title@en": "EXPANDER",
        "body@en": "Step outside for a few quiet moments. If you feel rushed or things are getting to you today, pop into a museum, mosque or church or sit on a park bench.",
        "title@nl": "VERRUIMER",
        "body@nl": "Ga naar buiten en zoek de rust op. Voel je je gehaast? Wordt het je allemaal te veel? Stap een museum of een gebedshuis binnen. Of ga op een bankje in het park zitten.",
        "target@en": "calm/relaxed",
        "target@nl": "kalm/ontspannen"
    },
    {
        "type": "message",
        "precept": "dsd",
        "category": "expander",
        "title@en": "EXPANDER",
        "body@en": "Be firm today and express your view. Stand up for what you believe in, write to the newspaper or comment on a blog.",
        "title@nl": "VERRUIMER",
        "body@nl": "Ben vandaag vastberaden en kom uit voor je mening. Reageer op de berichtgeving in de krant of schrijf een blog.",
        "target@en": "firm",
        "target@nl": "resoluut"
    },
    {
        "type": "message",
        "precept": "dsd",
        "category": "expander",
        "title@en": "EXPANDER",
        "body@en": "Stand Up For Your Rights Day. Report bad service you have received, send back a meal or goods you're not happy with, say no and stick to it.",
        "title@nl": "VERRUIMER",
        "body@nl": "Het is ‘Laat Niet Met Je Sollen dag’. Accepteer slechte service niet. Stuur een gerecht of een product terug als je er niet tevreden over bent. Nee is nee.",
        "target@en": "firm",
        "target@nl": "resoluut"
    },
    {
        "type": "message",
        "precept": "dsd",
        "category": "expander",
        "title@en": "EXPANDER",
        "body@en": "Loosen up a bit today. Dance madly to music, wear something you wouldn't normally (even if it’s hidden), eat something wildly different.",
        "title@nl": "VERRUIMER",
        "body@nl": "Laat je vandaag een beetje gaan. Ga uit je dak op muziek, trek iets aan wat je normaal niet zou dragen (ook al ziet niemand het) of eet iets wat je normaal nooit zou eten.",
        "target@en": "unconventional",
        "target@nl": "grensverleggend"
    },
    {
        "type": "message",
        "precept": "dsd",
        "category": "expander",
        "title@en": "EXPANDER",
        "body@en": "Test assumptions and question conventional wisdom today. Ask why things are done the way they are. Maybe it's just habit - time for a change?",
        "title@nl": "VERRUIMER",
        "body@nl": "Neem vandaag niet alles klakkeloos aan. Stel vaste patronen of werkwijzen ter discussie. Waarom doen we wat we doen? Is het misschien tijd voor verandering?",
        "target@en": "unconventional",
        "target@nl": "grensverleggend"
    },
    {
        "type": "message",
        "precept": "dsd",
        "category": "expander",
        "title@en": "EXPANDER",
        "body@en": "Be livelier today. Get at least one of tomorrow’s activities or chores done today.",
        "title@nl": "VERRUIMER",
        "body@nl": "Ben vandaag energieker. Doe minstens een klus of activiteit die eigenlijk voor morgen op het programma staat.",
        "target@en": "lively",
        "target@nl": "opgewekt/actief"
    },
    {
        "type": "message",
        "precept": "dsd",
        "category": "expander",
        "title@en": "EXPANDER",
        "body@en": "It's Look Lively Day. Bound into every room with a big smile on your face. Energise someone else with your enthusiasm.",
        "title@nl": "VERRUIMER",
        "body@nl": "Vandaag is het de ‘Dag van de Levenslust’. Stap elke kamer binnen met een brede glimlach op je gezicht. Breng je enthousiasme over op anderen.",
        "target@en": "lively",
        "target@nl": "opgewekt/actief"
    },
    {
        "type": "message",
        "precept": "dsd",
        "category": "expander",
        "title@en": "EXPANDER",
        "body@en": "Be more conventional today. Be extra polite with everyone you come into contact with. Write thank you notes.",
        "title@nl": "VERRUIMER",
        "body@nl": "Ben vandaag wat conventioneler. Ben extra beleefd tegen mensen en schrijf bedankbriefjes.",
        "target@en": "conventional",
        "target@nl": "traditioneel"
    },
    {
        "type": "message",
        "precept": "dsd",
        "category": "expander",
        "title@en": "EXPANDER",
        "body@en": "It's Fit In Day. Do your best to blend into the crowd today. Tone down what you wear. Hold back on provocative comments. See what happens.",
        "title@nl": "VERRUIMER",
        "body@nl": "Het is ‘Pas Je Aan dag’. Probeer vandaag niet op te vallen. Ben behoudend in je kledingkeuze. Onthoud jezelf van kritische opmerkingen. Kijk wat er gebeurt.",
        "target@en": "conventional",
        "target@nl": "traditioneel"
    },
    {
        "type": "message",
        "precept": "dsd",
        "category": "expander",
        "title@en": "EXPANDER",
        "body@en": "Be more definite today. Come to a decision on something you've been putting off and act on it.",
        "title@nl": "VERRUIMER",
        "body@nl": "Ben vastberaden vandaag. Neem die beslissing waar je al zo lang tegen aan hikt. Handel ernaar.",
        "target@en": "definite",
        "target@nl": "vastberaden"
    },
    {
        "type": "message",
        "precept": "dsd",
        "category": "expander",
        "title@en": "EXPANDER",
        "body@en": "Be definite about the type of person you'd like to be today. Imagine you are a brand and create a slogan for yourself.",
        "title@nl": "VERRUIMER",
        "body@nl": "Bepaal wat voor type mens je vandaag wil zijn. Doe alsof je een merk bent en bedenk een slogan voor jezelf.",
        "target@en": "definite",
        "target@nl": "vastberaden"
    },
    {
        "type": "message",
        "precept": "dsd",
        "category": "expander",
        "title@en": "EXPANDER",
        "body@en": "Approach everything today with child-like enthusiasm and curiosity. Share three things you're feeling excited about with others.",
        "title@nl": "VERRUIMER",
        "body@nl": "Benader vandaag alles met kinderlijk enthousiasme en nieuwsgierigheid. Vertel anderen over drie zaken waar je enthousiast over bent.",
        "target@en": "energetic/driven",
        "target@nl": "energiek/gedreven"
    },
    {
        "type": "message",
        "precept": "dsd",
        "category": "expander",
        "title@en": "EXPANDER",
        "body@en": "Energise yourself. Do an energetic activity (e.g. swim, jog, bike ride, dance) early tomorrow morning. Ask a friend or family member to join you?",
        "title@nl": "VERRUIMER",
        "body@nl": "Pep jezelf op. Begin morgen de dag met een activiteit waar je energie van krijgt. Denk bijvoorbeeld aan zwemmen, hardlopen, fietsen of dansen. Vraag een vriend of familielid om mee te doen.",
        "target@en": "energetic/driven",
        "target@nl": "energiek/gedreven"
    },
    {
        "type": "message",
        "precept": "dsd",
        "category": "expander",
        "title@en": "EXPANDER",
        "body@en": "Use more soothing language with others today. Be gentler, use their name, show compassion if they're having a bad day.",
        "title@nl": "VERRUIMER",
        "body@nl": "Gebruik vandaag zachtaardigere taal. Stel mensen gerust, spreek ze aan met hun naam en leef met ze mee als ze een rotdag hebben.",
        "target@en": "gentle",
        "target@nl": "zachtaardig"
    },
    {
        "type": "message",
        "precept": "dsd",
        "category": "expander",
        "title@en": "EXPANDER",
        "body@en": "Spend ten minutes doing something low key and undemanding today. Listen to gentle sounds perhaps, doodle with a pencil or simply hum.",
        "title@nl": "VERRUIMER",
        "body@nl": "Doe vandaag tien minuten lang iets wat weinig inspanning vereist. Luister naar kalmerende geluiden, klieder wat met pen en papier of neurie een deuntje.",
        "target@en": "gentle",
        "target@nl": "zachtaardig"
    },
    {
        "type": "message",
        "precept": "dsd",
        "category": "expander",
        "title@en": "EXPANDER",
        "body@en": "Offer to help another person achieve their goal today. E.g. a colleague with a work challenge, or a family, friends or neighbours with DIY or a hobby.",
        "title@nl": "VERRUIMER",
        "body@nl": "Bied iemand vandaag hulp aan bij het bereiken van zijn/ haar doel. Help bijvoorbeeld een collega met een uitdaging op het werk of assisteer een familielid, vriend of buur bij het klussen.",
        "target@en": "group-centred",
        "target@nl": "groepsgericht"
    },
    {
        "type": "message",
        "precept": "dsd",
        "category": "expander",
        "title@en": "EXPANDER",
        "body@en": "Be more of a team player today. Organise something everyone can take part in (e.g. family, friends, colleagues).",
        "title@nl": "VERRUIMER",
        "body@nl": "Ben vandaag een betere teamspeler. Organiseer iets waar iedereen (familieleden, vrienden, collega's) aan mee kan doen.",
        "target@en": "group-centred",
        "target@nl": "groepsgericht"
    },
    {
        "type": "message",
        "precept": "dsd",
        "category": "expander",
        "title@en": "EXPANDER",
        "body@en": "Arrange to meet up regularly with people who share your interests. Join or start a club, team or online community.",
        "title@nl": "VERRUIMER",
        "body@nl": "Spreek af om regelmatig samen te komen met mensen met wie je interesses deelt. Start of word lid van een club, een sportteam of een online community.",
        "target@en": "group-centred",
        "target@nl": "groepsgericht"
    },
    {
        "type": "message",
        "precept": "dsd",
        "category": "expander",
        "title@en": "EXPANDER",
        "body@en": "Today spend time doing something you enjoy. Pursue your passion and commit to do more of the things you love.",
        "title@nl": "VERRUIMER",
        "body@nl": "Doe vandaag iets wat je leuk vindt. Ga voor je passie en spreek met jezelf af vaker iets te doen waar je plezier aan beleeft.",
        "target@en": "individually-centred",
        "target@nl": "op jezelf gericht"
    },
    {
        "type": "message",
        "precept": "dsd",
        "category": "expander",
        "title@en": "EXPANDER",
        "body@en": "Put yourself first today. Practice saying 'no' to others. Say to yourself, 'My needs are as important as other people's'.",
        "title@nl": "VERRUIMER",
        "body@nl": "Vandaag draait het om jou. Oefen het nee-zeggen tegen anderen. Zeg tegen jezelf: ‘Mijn behoeftes zijn net zo belangrijk als die van anderen.’",
        "target@en": "individually-centred",
        "target@nl": "op jezelf gericht"
    },
    {
        "type": "message",
        "precept": "dsd",
        "category": "expander",
        "title@en": "EXPANDER",
        "body@en": "Be more open-minded today. Hold back on criticism. Delay making judgments. Look for the good.",
        "title@nl": "VERRUIMER",
        "body@nl": "Ben vandaag meer ruimdenkend. Lever niet meteen kritiek en veroordeel niet. Zoek naar het goede.",
        "target@en": "open-minded",
        "target@nl": "ruimdenkend"
    },
    {
        "type": "message",
        "precept": "dsd",
        "category": "expander",
        "title@en": "EXPANDER",
        "body@en": "Stretch your horizons today. Try out the music/food/customs/film of another culture e.g. watch a Japanese movie while eating sushi.",
        "title@nl": "VERRUIMER",
        "body@nl": "Verleg je horizon vandaag. Maak kennis met muziek, gerechten, gebruiken en films uit andere culturen.",
        "target@en": "open-minded",
        "target@nl": "ruimdenkend"
    },
    {
        "type": "message",
        "precept": "dsd",
        "category": "expander",
        "title@en": "EXPANDER",
        "body@en": "Ask yourself 'What if' today. Jot down plans for an imaginary, but possible, future event in your life.",
        "title@nl": "VERRUIMER",
        "body@nl": "Vraag jezelf vandaag: ‘Wat als …?’. Maak plannen voor een denkbeeldige, maar wel bereikbare toekomstige gebeurtenis in je leven.",
        "target@en": "proactive",
        "target@nl": "proactief"
    },
    {
        "type": "message",
        "precept": "dsd",
        "category": "expander",
        "title@en": "EXPANDER",
        "body@en": "It's Fast Forward Day. Do one thing for your better future e.g. plant a tree, start saving, record memories, make an appointment you've been putting off.",
        "title@nl": "VERRUIMER",
        "body@nl": "Vandaag is het 'Vooruit Kijk dag’. Doe iets waar je in de toekomst plezier van hebt. Plant bijvoorbeeld een boom, begin met sparen, schrijf herinneringen op of maak een afspraak die je steeds hebt uitgesteld.",
        "target@en": "proactive",
        "target@nl": "proactief"
    },
    {
        "type": "message",
        "precept": "dsd",
        "category": "expander",
        "title@en": "EXPANDER",
        "body@en": "Don’t jump when others call today. Urgent needn’t mean right now. Respond but don’t necessarily act, tell them your intended timeline.",
        "title@nl": "VERRUIMER",
        "body@nl": "Spring vandaag niet meteen in de houding als iemand je iets vraagt. Spoed betekent niet altijd 'nu meteen'. Geef aan wanneer je er tijd voor hebt.",
        "target@en": "proactive",
        "target@nl": "proactief"
    },
    {
        "type": "message",
        "precept": "dsd",
        "category": "expander",
        "title@en": "EXPANDER",
        "body@en": "Focus on something you want in the future. Now seek out opportunities, courses, people, events that could help make it happen.",
        "title@nl": "VERRUIMER",
        "body@nl": "Vestig je aandacht op iets wat je wilt bereiken in de toekomst. Bedenk hoe je dat gaat aanpakken. Wat zijn de mogelijkheden? Is er een cursus voor? Wie kan je helpen?",
        "target@en": "proactive",
        "target@nl": "proactief"
    },
    {
        "type": "message",
        "precept": "dsd",
        "category": "expander",
        "title@en": "EXPANDER",
        "body@en": "Be more single-minded today. Stick up for the underdog, refuse to listen to gossip, disagree constructively.",
        "title@nl": "VERRUIMER",
        "body@nl": "Ben eigenzinnig vandaag. Kom op voor de underdog, luister niet naar roddel en achterklap en ben positief kritisch.",
        "target@en": "single-minded",
        "target@nl": "onverstoorbaar"
    },
    {
        "type": "message",
        "precept": "dsd",
        "category": "expander",
        "title@en": "EXPANDER",
        "body@en": "Today scrutinise your views. Question what you hear and try to spot bias. Read a newspaper/news feed you don't normally pay attention to.",
        "title@nl": "VERRUIMER",
        "body@nl": "Test vandaag je eigen overtuigingen. Zet vraagtekens bij alles wat je hoort en probeer vooroordelen te ontdekken. Lees een nieuwsbron (krant/website) die je normaal negeert.",
        "target@en": "single-minded",
        "target@nl": "onverstoorbaar"
    },
    {
        "type": "message",
        "precept": "dsd",
        "category": "expander",
        "title@en": "EXPANDER",
        "body@en": "Be more spontaneous today. Do something on the spur of the moment. Sing aloud, make everyone tea or give a hug.",
        "title@nl": "VERRUIMER",
        "body@nl": "Ben vandaag iets spontaner; zing hardop, haal voor iedereen koffie of geef iemand een knuffel.",
        "target@en": "spontaneous",
        "target@nl": "spontaan"
    },
    {
        "type": "message",
        "precept": "dsd",
        "category": "expander",
        "title@en": "EXPANDER",
        "body@en": "Flip A Coin Day. Use a coin to make a safe but random decisions. E.g. Go out for a walk: Heads go left, tails go right. See what happens.",
        "title@nl": "VERRUIMER",
        "body@nl": "Vandaag is het ‘Kop Of Munt dag’. Tos een munt om kleine beslissingen te nemen. Ga bijvoorbeeld een stukje lopen. Kop is linksaf, munt is rechtsaf. Kijk wat het oplevert.",
        "target@en": "spontaneous",
        "target@nl": "spontaan"
    },
    {
        "type": "message",
        "precept": "dsd",
        "category": "expander",
        "title@en": "EXPANDER",
        "body@en": "It's 'Of The Moment' Day. Give someone an unexpected treat or visit. Or turn up at the cinema and watch the next film that's starting.",
        "title@nl": "VERRUIMER",
        "body@nl": "Het is ‘Spontaniteit dag’. Verras iemand met een cadeautje of een bezoekje. Of ga naar de bioscoop en bekijk de eerste film die draait.",
        "target@en": "spontaneous",
        "target@nl": "spontaan"
    },
    {
        "type": "message",
        "precept": "dsd",
        "category": "expander",
        "title@en": "EXPANDER",
        "body@en": "Be systematic today. Spend 15 minutes at the end of the day putting things in order ready for tomorrow.",
        "title@nl": "VERRUIMER",
        "body@nl": "Ben systematisch vandaag. Benut het laatste kwartier van je werkdag om alles klaar te leggen voor morgen.",
        "target@en": "systematic",
        "target@nl": "systematisch"
    },
    {
        "type": "message",
        "precept": "dsd",
        "category": "expander",
        "title@en": "EXPANDER",
        "body@en": "Today designate a time when you will answer messages/emails/do certain chores or surf the net. Stick to the allotted time.",
        "title@nl": "VERRUIMER",
        "body@nl": "Plan vandaag momenten voor bepaalde klusjes, zoals het beantwoorden van berichten of het wegwerken van e-mail. Wijk niet af van die planning.",
        "target@en": "systematic",
        "target@nl": "systematisch"
    },
    {
        "type": "message",
        "precept": "dsd",
        "category": "expander",
        "title@en": "EXPANDER",
        "body@en": "Today timetable your whole day in half-hour slots. Schedule time for non-urgent things (friends, lunch, a nap) as well as jobs.",
        "title@nl": "VERRUIMER",
        "body@nl": "Deel je dag vandaag op in blokken van een half uur. Gebruik die indeling voor het plannen van je werk en voor minder dringende zaken. Denk bijvoorbeeld aan de lunch, vrienden of een dutje.",
        "target@en": "systematic",
        "target@nl": "systematisch"
    },
    {
        "type": "message",
        "precept": "dsd",
        "category": "expander",
        "title@en": "EXPANDER",
        "body@en": "It's Trusting Day. E.g. reveal something personal to another, share an embarrassing story or trust someone with a 'secret'.",
        "title@nl": "VERRUIMER",
        "body@nl": "Vandaag is het de ‘Dag van het Vertrouwen’. Vertel iets persoonlijks aan iemand anders. Maak hem/ haar deelgenoot van een geheimpje of vertel iets gênants over jezelf.",
        "target@en": "trusting",
        "target@nl": "vertrouwend"
    },
    {
        "type": "message",
        "precept": "dsd",
        "category": "expander",
        "title@en": "EXPANDER",
        "body@en": "Let go of the need to be in control today. Leave a task you’d normally do to someone else, let them do it their way.",
        "title@nl": "VERRUIMER",
        "body@nl": "Geef vandaag de touwtjes uit handen. Delegeer iets wat je normaal zelf doet. Geef de ander de ruimte om het op zijn eigen manier op te lossen.",
        "target@en": "trusting",
        "target@nl": "vertrouwend"
    },
    {
        "type": "message",
        "precept": "dsd",
        "category": "expander",
        "title@en": "EXPANDER",
        "body@en": "It's YES Day. Say yes to new opportunities or requests (as long as they feel safe) and see where they take you.",
        "title@nl": "VERRUIMER",
        "body@nl": "Vandaag is het ‘Ja dag’. Zeg ja tegen nieuwe mogelijkheden en verzoeken en kijk wat dat oplevert. Maar ben niet roekeloos.",
        "target@en": "reactive",
        "target@nl": "reactief"
    },
    {
        "type": "message",
        "precept": "dsd",
        "category": "expander",
        "title@en": "EXPANDER",
        "body@en": "Today let another person take the initiative. E.g. leave a decision to a trusted friend, let others take the lead, sit back and just go with the flow.",
        "title@nl": "VERRUIMER",
        "body@nl": "Laat vandaag het initiatief over aan een ander. Laat bijvoorbeeld een goede vriend/ vriendin een beslissing nemen. Laat anderen de leiding nemen. Hou je op de vlakte en ga erin mee.",
        "target@en": "reactive",
        "target@nl": "reactief"
    },
    {
        "type": "message",
        "precept": "dsd",
        "category": "expander",
        "title@en": "EXPANDER",
        "body@en": "Loosen up today. Do something you weren't allowed to do as a child e.g. bounce on the bed, answer back, write in books.",
        "title@nl": "VERRUIMER",
        "body@nl": "Ontspan vandaag. Doe iets wat je als kind niet mocht; spring bijvoorbeeld op het bed, schrijf in een boek of ben bijdehand.",
        "target@en": "unpredictable",
        "target@nl": "onvoorspelbaar"
    },
    {
        "type": "message",
        "precept": "dsd",
        "category": "expander",
        "title@en": "EXPANDER",
        "body@en": "Behave a bit out of character today. E.g. turn up earlier or later than expected, wear something daringly different.",
        "title@nl": "VERRUIMER",
        "body@nl": "Gedraag je vandaag net iets anders dan normaal. Arriveer bijvoorbeeld eerder of later op een afspraak of draag iets wat je normaal nooit zou aantrekken.",
        "target@en": "unpredictable",
        "target@nl": "onvoorspelbaar"
    },
    {
        "type": "message",
        "precept": "dsd",
        "category": "expander",
        "title@en": "EXPANDER",
        "body@en": "Be less predictable today. Change how you answer, 'How are you?'. Use a new phrase to describe how you are.",
        "title@nl": "VERRUIMER",
        "body@nl": "Ben vandaag minder voorspelbaar. Als iemand je vraagt hoe het gaat, geef dan niet je gebruikelijke antwoord. Bedenkt iets nieuws.",
        "target@en": "unpredictable",
        "target@nl": "onvoorspelbaar"
    },
    {
        "type": "message",
        "precept": "dsd",
        "category": "expander",
        "title@en": "EXPANDER",
        "body@en": "Spot your people-pleasing habit and put yourself first at least once today. Don't feel guilty – enjoy it!",
        "title@nl": "VERRUIMER",
        "body@nl": "Ben jezelf bewust van je neiging om anderen te plezieren. Laat het vandaag minstens een keer om jou draaien. Voel je niet schuldig, maar geniet ervan!",
        "target@en": "behave as you wish",
        "target@nl": "doet wat je zelf wil"
    },
    {
        "type": "message",
        "precept": "dsd",
        "category": "expander",
        "title@en": "EXPANDER",
        "body@en": "Behave a little more as you want to today. E.g. plan an evening or future event around what YOU enjoy doing.",
        "title@nl": "VERRUIMER",
        "body@nl": "Doe wat je wil vandaag. Plan iets waar jij zin in hebt.",
        "target@en": "behave as you wish",
        "target@nl": "doet wat je zelf wil"
    },
    {
        "type": "message",
        "precept": "dsd",
        "category": "expander",
        "title@en": "EXPANDER",
        "body@en": "Go along with others more today. Say ‘Yes’ to the next thing someone asks you to do. Give serious consideration to projects or offers that come your way.",
        "title@nl": "VERRUIMER",
        "body@nl": "Ben meer meegaand vandaag. Zeg 'ja' tegen de eerste persoon die je vraagt om iets te doen. Neem voorstellen en projecten die op je pad komen serieus in overweging.",
        "target@en": "behave as others want you to",
        "target@nl": "doet wat anderen willen"
    },
    {
        "type": "message",
        "precept": "dsd",
        "category": "expander",
        "title@en": "EXPANDER",
        "body@en": "Behave more as others wish today. Ask someone for three ways you can contribute or improve things, try to make at least one of them happen.",
        "title@nl": "VERRUIMER",
        "body@nl": "Gedraag je vandaag meer zoals anderen wensen. Vraag aan iemand op welke manieren je iets voor hem/ haar kunt betekenen. Probeer daarvan ook iets te realiseren.",
        "target@en": "behave as others want you to",
        "target@nl": "doet wat anderen willen"
    },
    {
        "type": "message",
        "precept": "dsd",
        "category": "expander",
        "title@en": "EXPANDER",
        "body@en": "Explore being introverted today. Express your deepest feelings in a poem, letter, drawing or haiku - but don’t share it.",
        "title@nl": "VERRUIMER",
        "body@nl": "Ontdek vandaag de introverte kant van jezelf. Uit je diepste gevoelens bijvoorbeeld in een gedicht, een brief of een tekening. Deel het niet met anderen.",
        "target@en": "introverted",
        "target@nl": "introvert"
    },
    {
        "type": "message",
        "precept": "dsd",
        "category": "expander",
        "title@en": "EXPANDER",
        "body@en": "Spend some time alone today. Focus on enjoying your own company without noise or distractions.",
        "title@nl": "VERRUIMER",
        "body@nl": "Neem vandaag wat tijd voor jezelf. Geniet van je eigen gezelschap. Laat je niet afleiden.",
        "target@en": "introverted",
        "target@nl": "introvert"
    },
    {
        "type": "message",
        "precept": "dsd",
        "category": "expander",
        "title@en": "EXPANDER",
        "body@en": "It's Play It Safe Day. Check all the facts before doing something today, read the small print.",
        "title@nl": "VERRUIMER",
        "body@nl": "Speel vandaag op veilig. Controleer alle feiten voordat je vandaag iets doet, lees de kleine lettertjes.",
        "target@en": "play it safe",
        "target@nl": "op veilig spelen"
    },
    {
        "type": "message",
        "precept": "dsd",
        "category": "expander",
        "title@en": "EXPANDER",
        "body@en": "Be cautious today. E.g. Have a back-up plan, emergency rations, spare keys, learn a first aid technique.",
        "title@nl": "VERRUIMER",
        "body@nl": "Ben voorzichtig vandaag. Zorg bijvoorbeeld voor een back-up plan, noodrantsoenen, reservesleutels, of leer een EHBO techniek.",
        "target@en": "play it safe",
        "target@nl": "op veilig spelen"
    },
    {
        "type": "message",
        "precept": "dsd",
        "category": "expander",
        "title@en": "EXPANDER",
        "body@en": "Do what you say you’ll do today. Keep promises, show up, be punctual. Under-promise and over-deliver where you can.",
        "title@nl": "VERRUIMER",
        "body@nl": "Doe vandaag wat je belooft. Kom opdagen, ben op tijd. Beloof niets wat je niet waar kan maken en maak als het even kan meer waar dan je beloofd hebt.",
        "target@en": "predictable",
        "target@nl": "voorspelbaar"
    },
    {
        "type": "message",
        "precept": "dsd",
        "category": "expander",
        "title@en": "EXPANDER",
        "body@en": "Prioritise the most important things you have to get done today. Do them first.",
        "title@nl": "VERRUIMER",
        "body@nl": "Wat moet er vandaag af? Geef daar prioriteit aan.",
        "target@en": "predictable",
        "target@nl": "voorspelbaar"
    }
]